exe	threads	type	elems	turns	throughput	stdev
boost-dynamic	1	consumer	100000	200	47.90146	0.013505495177890186
boost-dynamic	1	producer	100000	200	48.422000000000004	0.015393375198442789
boost-dynamic	1	total	100000	200	96.323439999999991	0.028772667585749211
boost-dynamic	4	consumer	100000	200	118.42319999999999	0.063101188578345388
boost-dynamic	4	producer	100000	200	119.67579999999998	0.061447213118254962
boost-dynamic	4	total	100000	200	238.09860000000003	0.12382826817814967
boost-dynamic	16	consumer	100000	200	134.1568	8.5178931761322279
boost-dynamic	16	producer	100000	200	134.4118	8.5374751162155622
boost-dynamic	16	total	100000	200	268.5684	17.055619491534152
boost-dynamic	32	consumer	100000	200	266.9896	5.6687356826721009
boost-dynamic	32	producer	100000	200	267.60000000000002	5.7471166335824497
boost-dynamic	32	total	100000	200	534.58920000000001	11.414603495522734
boost-dynamic	57	consumer	100000	200	438.3818	15.846362477237477
boost-dynamic	57	producer	100000	200	439.36719999999997	16.37450252557311
boost-dynamic	57	total	100000	200	877.74900000000002	32.220393808890663
boost-dynamic	114	consumer	100000	200	1201.0400000000002	27.417477637448716
boost-dynamic	114	producer	100000	200	1203.0840000000001	28.084311349933472
boost-dynamic	114	total	100000	200	2404.1240000000003	55.494337224621475
boost-static	1	consumer	100000	200	42.057460000000006	0.066361211562177141
boost-static	1	producer	100000	200	42.241700000000002	0.048024785267609567
boost-static	1	total	100000	200	84.299180000000007	0.11205085274106669
boost-static	4	consumer	100000	200	108.08980000000001	0.090808369658307769
boost-static	4	producer	100000	200	108.57059999999998	0.067381303044689145
boost-static	4	total	100000	200	216.66080000000002	0.14997519794952838
boost-static	16	consumer	100000	200	430.96960000000001	0.67004525220317024
boost-static	16	producer	100000	200	432.61499999999995	0.32421597739779257
boost-static	16	total	100000	200	863.58459999999991	0.93666997389690909
boost-static	32	consumer	100000	200	852.31600000000003	2.2207273583220308
boost-static	32	producer	100000	200	855.72000000000003	1.7297244867319217
boost-static	32	total	100000	200	1708.0360000000001	3.7002735034048468
boost-static	57	consumer	100000	200	1490.6439999999998	10.649248987604707
boost-static	57	producer	100000	200	1495.3619999999999	10.865029038157262
boost-static	57	total	100000	200	2986.0039999999999	21.487420133650168
boost-static	114	consumer	100000	200	2887.2740000000003	6.8883658439429087
boost-static	114	producer	100000	200	2892.6580000000004	4.8976377979593106
boost-static	114	total	100000	200	5779.9340000000002	11.739704595942801
cameron	1	consumer	100000	200	43.243399999999994	0.065735743701580737
cameron	1	producer	100000	200	43.28246	0.058550272416103763
cameron	1	total	100000	200	86.525859999999994	0.1242167879153228
cameron	4	consumer	100000	200	106.87660000000001	0.19725881475868187
cameron	4	producer	100000	200	106.88699999999999	0.19715679039789394
cameron	4	total	100000	200	213.76339999999999	0.39477517652456851
cameron	16	consumer	100000	200	425.93700000000001	0.83901942766542115
cameron	16	producer	100000	200	426.01720000000006	0.84878628641136156
cameron	16	total	100000	200	851.9541999999999	1.6871928639014759
cameron	32	consumer	100000	200	855.83220000000006	0.70475056580322892
cameron	32	producer	100000	200	855.92880000000002	0.61684111406424402
cameron	32	total	100000	200	1711.7599999999998	1.2879596266964173
cameron	57	consumer	100000	200	1519.8880000000001	4.0898919301125503
cameron	57	producer	100000	200	1520.8939999999998	3.8526333851017078
cameron	57	total	100000	200	3040.7820000000002	7.8777595799820741
cameron	114	consumer	100000	200	3051.232	1.8970651016768612
cameron	114	producer	100000	200	3051.5940000000001	1.7272243629593167
cameron	114	total	100000	200	6102.8260000000009	3.6214063566521273
circularfifo	1	consumer	100000	200	21.89106	0.010264229147870988
circularfifo	1	producer	100000	200	24.306319999999999	0.019172000417275126
circularfifo	1	total	100000	200	46.197359999999989	0.029162894232226396
circularfifo	4	consumer	100000	200	50.346159999999998	0.021052277786500664
circularfifo	4	producer	100000	200	55.787339999999993	0.024062468701277401
circularfifo	4	total	100000	200	106.13340000000001	0.043847918992807842
circularfifo	16	consumer	100000	200	200.40419999999997	0.88309759370072161
circularfifo	16	producer	100000	200	222.92519999999999	0.10318798379656546
circularfifo	16	total	100000	200	423.32920000000001	0.81557523258128162
circularfifo	32	consumer	100000	200	399.18079999999998	1.9215721063753979
circularfifo	32	producer	100000	200	445.39120000000003	0.84805386621370493
circularfifo	32	total	100000	200	844.57180000000005	2.7299413473552656
circularfifo	57	consumer	100000	200	708.00139999999999	1.2963809008157972
circularfifo	57	producer	100000	200	790.18599999999992	2.286244868775007
circularfifo	57	total	100000	200	1498.1859999999999	2.1845420572742662
circularfifo	114	consumer	100000	200	1410.8039999999999	0.72659755022983841
circularfifo	114	producer	100000	200	1595.3700000000001	0.82241108941936036
circularfifo	114	total	100000	200	3006.174	1.1578013646562719
folly	1	consumer	100000	200	42.818740000000005	1.0206009574755472
folly	1	producer	100000	200	42.821599999999997	1.0198243201649975
folly	1	total	100000	200	85.640360000000001	2.0404421899186471
folly	4	consumer	100000	200	32.667400000000001	2.4145557910307232
folly	4	producer	100000	200	32.667819999999992	2.414902162324593
folly	4	total	100000	200	65.335239999999999	4.8294455758813557
folly	16	consumer	100000	200	105.88140000000001	3.8072931907064911
folly	16	producer	100000	200	105.88379999999999	3.8081156705121226
folly	16	total	100000	200	211.76500000000001	7.6154460145154976
folly	32	consumer	100000	200	216.1962	5.4403918388292638
folly	32	producer	100000	200	216.214	5.4423784138922171
folly	32	total	100000	200	432.41000000000003	10.882699389397835
folly	57	consumer	100000	200	336.25959999999998	16.168732437640251
folly	57	producer	100000	200	336.26260000000002	16.167347025408965
folly	57	total	100000	200	672.52220000000011	32.336079449432354
folly	114	consumer	100000	200	609.149	19.919915833155539
folly	114	producer	100000	200	609.19939999999997	19.876352085833059
folly	114	total	100000	200	1218.3480000000002	39.79537028348895
